Date_left, AQI_Value_left,Main_Pollutant_left,Site_Name_left,Site_ID_left,Source_left,AQI_Value_left,Date_right, AQI_Value_right,Main_Pollutant_right,Site_Name_right,Site_ID_right,Source_right,AQI_Value_right
2019-01-01,39,PM2.5,GT Craig NCore,39-035-0060,AQS,39.0,2019-01-01,23.0,PM2.5,Sycamore,39-061-0006,AQS,23.0
2019-01-02,55,PM2.5,GT Craig NCore,39-035-0060,AQS,55.0,2019-01-02,48.0,PM2.5,Cincinnati Near Road,39-061-0048,AQS,48.0
2019-01-03,48,PM2.5,GT Craig NCore,39-035-0060,AQS,48.0,2019-01-03,56.0,PM2.5,NORTHERN KENTUCKY UNIVERSITY (NKU),21-037-3002,AQS,56.0
2019-01-04,66,PM2.5,GT Craig NCore,39-035-0060,AQS,66.0,2019-01-04,59.0,PM2.5,Cincinnati Near Road,39-061-0048,AQS,59.0
2019-01-05,83,PM2.5,GT Craig NCore,39-035-0060,AQS,83.0,2019-01-05,45.0,PM2.5,Taft NCore,39-061-0040,AQS,45.0
2019-01-06,43,PM2.5,GT Craig NCore,39-035-0060,AQS,43.0,2019-01-06,66.0,PM2.5,BPG,39-017-0022,AQS,66.0
2019-01-07,36,PM2.5,GT Craig NCore,39-035-0060,AQS,36.0,2019-01-07,38.0,PM2.5,Cincinnati Near Road,39-061-0048,AQS,38.0
2019-01-08,40,PM2.5,GT Craig NCore,39-035-0060,AQS,40.0,,,,,,,
2019-01-09,54,PM2.5,Cleveland Fire St13,39-035-0045,AQS,54.0,2019-01-09,26.0,PM2.5,NORTHERN KENTUCKY UNIVERSITY (NKU),21-037-3002,AQS,26.0
2019-01-11,41,PM2.5,Chippewa,39-103-0004,AQS,41.0,2019-01-11,67.0,PM2.5,Cincinnati Near Road,39-061-0048,AQS,67.0
2019-01-12,53,PM2.5,GT Craig NCore,39-035-0060,AQS,53.0,2019-01-12,62.0,PM2.5,Cincinnati Near Road,39-061-0048,AQS,62.0
2019-01-13,38,PM2.5,Chippewa,39-103-0004,AQS,38.0,2019-01-13,62.0,PM2.5,Cincinnati Near Road,39-061-0048,AQS,62.0
2019-01-14,48,PM2.5,Cleveland Near Road,39-035-0073,AQS,48.0,2019-01-14,66.0,PM2.5,Cincinnati Near Road,39-061-0048,AQS,66.0
2019-01-15,76,PM2.5,GT Craig NCore,39-035-0060,AQS,76.0,2019-01-15,81.0,PM2.5,Yankee,39-017-0020,AQS,81.0
2019-01-16,50,PM2.5,GT Craig NCore,39-035-0060,AQS,50.0,2019-01-16,56.0,PM2.5,Cincinnati Near Road,39-061-0048,AQS,56.0
2019-01-17,64,PM2.5,GT Craig NCore,39-035-0060,AQS,64.0,2019-01-17,57.0,PM2.5,Cincinnati Near Road,39-061-0048,AQS,57.0
2019-01-18,78,PM2.5,GT Craig NCore,39-035-0060,AQS,78.0,2019-01-18,52.0,PM2.5,Cincinnati Near Road,39-061-0048,AQS,52.0
2019-01-19,54,PM2.5,GT Craig NCore,39-035-0060,AQS,54.0,,,,,,,
2019-01-20,35,PM2.5,GT Craig NCore,39-035-0060,AQS,35.0,,,,,,,
2019-01-21,36,PM2.5,GT Craig NCore,39-035-0060,AQS,36.0,2019-01-21,54.0,PM2.5,Cincinnati Near Road,39-061-0048,AQS,54.0
2019-01-22,60,PM2.5,GT Craig NCore,39-035-0060,AQS,60.0,2019-01-22,38.0,PM2.5,Cincinnati Near Road,39-061-0048,AQS,38.0
2019-01-23,51,PM2.5,GT Craig NCore,39-035-0060,AQS,51.0,,,,,,,
2019-01-24,54,PM2.5,GT Craig NCore,39-035-0060,AQS,54.0,2019-01-24,54.0,PM2.5,Taft NCore,39-061-0040,AQS,54.0
2019-01-25,56,PM2.5,GT Craig NCore,39-035-0060,AQS,56.0,,,,,,,
2019-01-26,59,PM2.5,GT Craig NCore,39-035-0060,AQS,59.0,2019-01-26,37.0,PM2.5,Cincinnati Near Road,39-061-0048,AQS,37.0
2019-01-27,65,PM2.5,Harvard Yards,39-035-0065,AQS,65.0,2019-01-27,50.0,PM2.5,Yankee,39-017-0020,AQS,50.0
2019-01-28,70,PM2.5,GT Craig NCore,39-035-0060,AQS,70.0,2019-01-28,43.0,PM2.5,Cincinnati Near Road,39-061-0048,AQS,43.0
2019-01-29,52,PM2.5,GT Craig NCore,39-035-0060,AQS,52.0,2019-01-29,37.0,PM2.5,Cincinnati Near Road,39-061-0048,AQS,37.0
2019-01-30,54,PM2.5,St Theodosius,39-035-0038,AQS,54.0,2019-01-30,35.0,PM2.5,Yankee,39-017-0020,AQS,35.0
2019-01-31,40,PM2.5,GT Craig NCore,39-035-0060,AQS,40.0,2019-01-31,39.0,PM2.5,Colerain,39-061-0010,AQS,39.0
2019-02-01,68,PM2.5,GT Craig NCore,39-035-0060,AQS,68.0,2019-02-01,73.0,PM2.5,Cincinnati Near Road,39-061-0048,AQS,73.0
2019-02-02,90,PM2.5,St Theodosius,39-035-0038,AQS,90.0,2019-02-02,90.0,PM2.5,Sacred Heart Elem,39-017-0016,AQS,90.0
2019-02-03,97,PM2.5,GT Craig NCore,39-035-0060,AQS,97.0,2019-02-03,74.0,PM2.5,Cincinnati Near Road,39-061-0048,AQS,74.0
2019-02-04,46,PM2.5,Chippewa,39-103-0004,AQS,46.0,2019-02-04,69.0,PM2.5,Cincinnati Near Road,39-061-0048,AQS,69.0
2019-02-05,46,PM2.5,GT Craig NCore,39-035-0060,AQS,46.0,2019-02-05,74.0,PM2.5,Cincinnati Near Road,39-061-0048,AQS,74.0
2019-02-06,62,PM2.5,GT Craig NCore,39-035-0060,AQS,62.0,2019-02-06,51.0,PM2.5,Cincinnati Near Road,39-061-0048,AQS,51.0
2019-02-07,52,PM2.5,GT Craig NCore,39-035-0060,AQS,52.0,2019-02-07,47.0,PM2.5,Cincinnati Near Road,39-061-0048,AQS,47.0
2019-02-08,33,PM2.5,GT Craig NCore,39-035-0060,AQS,33.0,,,,,,,
2019-02-09,36,PM2.5,GT Craig NCore,39-035-0060,AQS,36.0,2019-02-09,38.0,PM2.5,Cincinnati Near Road,39-061-0048,AQS,38.0
2019-02-10,60,PM2.5,GT Craig NCore,39-035-0060,AQS,60.0,2019-02-10,53.0,PM2.5,Cincinnati Near Road,39-061-0048,AQS,53.0
2019-02-11,76,PM2.5,GT Craig NCore,39-035-0060,AQS,76.0,2019-02-11,55.0,PM2.5,Cincinnati Near Road,39-061-0048,AQS,55.0
2019-02-12,37,PM2.5,GT Craig NCore,39-035-0060,AQS,37.0,,,,,,,
2019-02-13,44,PM2.5,Cleveland Near Road,39-035-0073,AQS,44.0,,,,,,,
2019-02-14,57,PM2.5,St Theodosius,39-035-0038,AQS,57.0,,,,,,,
2019-02-15,55,PM2.5,GT Craig NCore,39-035-0060,AQS,55.0,2019-02-15,46.0,PM2.5,Cincinnati Near Road,39-061-0048,AQS,46.0
2019-02-17,32,PM2.5,Cleveland Near Road,39-035-0073,AQS,32.0,2019-02-17,57.0,PM2.5,BPG,39-017-0022,AQS,57.0
2019-02-18,37,PM2.5,Cleveland Near Road,39-035-0073,AQS,37.0,2019-02-18,42.0,PM2.5,Sycamore,39-061-0006,AQS,42.0
2019-02-19,59,PM2.5,Chippewa,39-103-0004,AQS,59.0,2019-02-19,51.0,PM2.5,Sycamore,39-061-0006,AQS,51.0
2019-02-20,52,PM2.5,St Theodosius,39-035-0038,AQS,52.0,2019-02-20,33.0,PM2.5,BPG,39-017-0022,AQS,33.0
2019-02-21,51,PM2.5,GT Craig NCore,39-035-0060,AQS,51.0,2019-02-21,53.0,PM2.5,Cincinnati Near Road,39-061-0048,AQS,53.0
2019-02-22,77,PM2.5,GT Craig NCore,39-035-0060,AQS,77.0,2019-02-22,78.0,PM2.5,Cincinnati Near Road,39-061-0048,AQS,78.0
2019-02-23,67,PM2.5,Harvard Yards,39-035-0065,AQS,67.0,2019-02-23,59.0,PM2.5,BPG,39-017-0022,AQS,59.0
2019-02-25,33,PM2.5,GT Craig NCore,39-035-0060,AQS,33.0,,,,,,,
2019-02-26,35,PM2.5,GT Craig NCore,39-035-0060,AQS,35.0,2019-02-26,54.0,PM2.5,Cincinnati Near Road,39-061-0048,AQS,54.0
2019-02-27,49,PM2.5,GT Craig NCore,39-035-0060,AQS,49.0,2019-02-27,63.0,PM2.5,Cincinnati Near Road,39-061-0048,AQS,63.0
2019-02-28,60,PM2.5,GT Craig NCore,39-035-0060,AQS,60.0,2019-02-28,65.0,PM2.5,Cincinnati Near Road,39-061-0048,AQS,65.0
2019-03-01,61,PM2.5,GT Craig NCore,39-035-0060,AQS,61.0,2019-03-01,63.0,PM2.5,Cincinnati Near Road,39-061-0048,AQS,63.0
2019-03-02,71,PM2.5,GT Craig NCore,39-035-0060,AQS,71.0,2019-03-02,64.0,PM2.5,Cincinnati Near Road,39-061-0048,AQS,64.0
2019-03-03,52,PM2.5,Chippewa,39-103-0004,AQS,52.0,2019-03-03,69.0,PM2.5,NORTHERN KENTUCKY UNIVERSITY (NKU),21-037-3002,AQS,69.0
2019-03-05,52,PM2.5,GT Craig NCore,39-035-0060,AQS,52.0,2019-03-05,40.0,PM2.5,Colerain,39-061-0010,AQS,40.0
2019-03-06,48,PM2.5,Cleveland Near Road,39-035-0073,AQS,48.0,,,,,,,
2019-03-07,53,PM2.5,Cleveland Fire St13,39-035-0045,AQS,53.0,2019-03-07,56.0,PM2.5,Cincinnati Near Road,39-061-0048,AQS,56.0
2019-03-08,87,PM2.5,GT Craig NCore,39-035-0060,AQS,87.0,2019-03-08,65.0,PM2.5,Cincinnati Near Road,39-061-0048,AQS,65.0
2019-03-09,80,PM2.5,GT Craig NCore,39-035-0060,AQS,80.0,2019-03-09,51.0,PM2.5,Cincinnati Near Road,39-061-0048,AQS,51.0
2019-03-10,54,PM2.5,Cleveland Fire St13,39-035-0045,AQS,54.0,,,,,,,
2019-03-11,45,PM2.5,Cleveland Near Road,39-035-0073,AQS,45.0,,,,,,,
2019-03-13,59,PM2.5,St Theodosius,39-035-0038,AQS,59.0,,,,,,,
2019-03-14,49,PM2.5,GT Craig NCore,39-035-0060,AQS,49.0,2019-03-14,52.0,PM2.5,Cincinnati Near Road,39-061-0048,AQS,52.0
2019-03-18,60,PM2.5,GT Craig NCore,39-035-0060,AQS,60.0,,,,,,,
2019-03-19,70,PM2.5,GT Craig NCore,39-035-0060,AQS,70.0,2019-03-19,59.0,PM2.5,Cincinnati Near Road,39-061-0048,AQS,59.0
2019-03-20,59,PM2.5,GT Craig NCore,39-035-0060,AQS,59.0,2019-03-20,62.0,PM2.5,Cincinnati Near Road,39-061-0048,AQS,62.0
2019-03-21,59,PM2.5,GT Craig NCore,39-035-0060,AQS,59.0,2019-03-21,54.0,PM2.5,Sycamore,39-061-0006,AQS,54.0
2019-03-22,41,PM2.5,Cleveland Fire St13,39-035-0045,AQS,41.0,,,,,,,
2019-03-24,61,PM2.5,GT Craig NCore,39-035-0060,AQS,61.0,2019-03-24,66.0,PM2.5,Cincinnati Near Road,39-061-0048,AQS,66.0
2019-03-27,59,PM2.5,GT Craig NCore,39-035-0060,AQS,59.0,2019-03-27,52.0,PM2.5,Cincinnati Near Road,39-061-0048,AQS,52.0
2019-03-28,63,PM2.5,GT Craig NCore,39-035-0060,AQS,63.0,2019-03-28,67.0,PM2.5,Cincinnati Near Road,39-061-0048,AQS,67.0
2019-03-29,62,PM2.5,GT Craig NCore,39-035-0060,AQS,62.0,2019-03-29,69.0,PM2.5,Cincinnati Near Road,39-061-0048,AQS,69.0
2019-03-30,56,PM2.5,GT Craig NCore,39-035-0060,AQS,56.0,,,,,,,
2019-04-05,58,PM2.5,GT Craig NCore,39-035-0060,AQS,58.0,2019-04-05,63.0,PM2.5,Cincinnati Near Road,39-061-0048,AQS,63.0
2019-04-06,81,PM2.5,GT Craig NCore,39-035-0060,AQS,81.0,,,,,,,
2019-04-07,56,PM2.5,GT Craig NCore,39-035-0060,AQS,56.0,2019-04-07,60.0,PM2.5,Cincinnati Near Road,39-061-0048,AQS,60.0
2019-04-08,48,PM2.5,Cleveland Near Road,39-035-0073,AQS,48.0,,,,,,,
2019-04-22,55,PM2.5,GT Craig NCore,39-035-0060,AQS,55.0,,,,,,,
2019-04-29,37,PM2.5,GT Craig NCore,39-035-0060,AQS,37.0,2019-04-29,52.0,PM2.5,Cincinnati Near Road,39-061-0048,AQS,52.0
2019-04-30,41,PM2.5,Cleveland Fire St13,39-035-0045,AQS,41.0,2019-04-30,61.0,PM2.5,Cincinnati Near Road,39-061-0048,AQS,61.0
2019-05-03,45,PM2.5,Cleveland Near Road,39-035-0073,AQS,45.0,,,,,,,
2019-05-04,45,PM2.5,Cleveland Near Road,39-035-0073,AQS,45.0,2019-05-04,62.0,PM2.5,Taft NCore,39-061-0040,AQS,62.0
2019-05-11,46,PM2.5,GT Craig NCore,39-035-0060,AQS,46.0,,,,,,,
2019-05-17,44,PM2.5,Cleveland Near Road,39-035-0073,AQS,44.0,,,,,,,
2019-05-19,52,PM2.5,GT Craig NCore,39-035-0060,AQS,52.0,2019-05-19,53.0,PM2.5,Taft NCore,39-061-0040,AQS,53.0
2019-05-25,58,PM2.5,GT Craig NCore,39-035-0060,AQS,58.0,2019-05-25,58.0,PM2.5,Taft NCore,39-061-0040,AQS,58.0
2019-05-26,38,PM2.5,Cleveland Near Road,39-035-0073,AQS,38.0,2019-05-26,55.0,PM2.5,Taft NCore,39-061-0040,AQS,55.0
2019-05-28,60,PM2.5,GT Craig NCore,39-035-0060,AQS,60.0,2019-05-28,66.0,PM2.5,Taft NCore,39-061-0040,AQS,66.0
2019-05-29,59,PM2.5,GT Craig NCore,39-035-0060,AQS,59.0,2019-05-29,44.0,PM2.5,Lebanon,39-165-0007,AQS,44.0
2019-05-30,64,PM2.5,GT Craig NCore,39-035-0060,AQS,64.0,,,,,,,
2019-05-31,50,PM2.5,GT Craig NCore,39-035-0060,AQS,50.0,,,,,,,
2019-06-01,53,PM2.5,Cleveland Near Road,39-035-0073,AQS,53.0,,,,,,,
2019-06-02,53,PM2.5,GT Craig NCore,39-035-0060,AQS,53.0,2019-06-02,64.0,PM2.5,Taft NCore,39-061-0040,AQS,64.0
2019-06-05,66,PM2.5,GT Craig NCore,39-035-0060,AQS,66.0,2019-06-05,56.0,PM2.5,Taft NCore,39-061-0040,AQS,56.0
2019-06-06,59,PM2.5,GT Craig NCore,39-035-0060,AQS,59.0,,,,,,,
2019-06-07,63,PM2.5,GT Craig NCore,39-035-0060,AQS,63.0,,,,,,,
2019-06-08,48,PM2.5,Harvard Yards,39-035-0065,AQS,48.0,2019-06-08,57.0,PM2.5,BPG,39-017-0022,AQS,57.0
2019-06-10,33,PM2.5,GT Craig NCore,39-035-0060,AQS,33.0,,,,,,,
2019-06-12,54,PM2.5,GT Craig NCore,39-035-0060,AQS,54.0,,,,,,,
2019-06-13,44,PM2.5,GT Craig NCore,39-035-0060,AQS,44.0,,,,,,,
2019-06-15,44,PM2.5,GT Craig NCore,39-035-0060,AQS,44.0,2019-06-15,51.0,PM2.5,Cincinnati Near Road,39-061-0048,AQS,51.0
2019-06-16,36,PM2.5,GT Craig NCore,39-035-0060,AQS,36.0,,,,,,,
2019-06-17,51,PM2.5,GT Craig NCore,39-035-0060,AQS,51.0,,,,,,,
2019-06-20,55,PM2.5,GT Craig NCore,39-035-0060,AQS,55.0,,,,,,,
2019-06-23,52,PM2.5,GT Craig NCore,39-035-0060,AQS,52.0,2019-06-23,45.0,PM2.5,Yankee,39-017-0020,AQS,45.0
2019-06-30,40,PM2.5,Cleveland Near Road,39-035-0073,AQS,40.0,,,,,,,
2019-07-04,85,PM2.5,GT Craig NCore,39-035-0060,AQS,85.0,2019-07-04,78.0,PM2.5,Taft NCore,39-061-0040,AQS,78.0
2019-07-05,63,PM2.5,GT Craig NCore,39-035-0060,AQS,63.0,2019-07-05,85.0,PM2.5,Cincinnati Near Road,39-061-0048,AQS,85.0
2019-07-07,50,PM2.5,Chippewa,39-103-0004,AQS,50.0,2019-07-07,51.0,PM2.5,Taft NCore,39-061-0040,AQS,51.0
2019-07-08,40,PM2.5,Painesville,39-085-0007,AQS,40.0,2019-07-08,58.0,PM2.5,Carthage,39-061-0014,AQS,58.0
2019-07-14,43,PM2.5,Harvard Yards,39-035-0065,AQS,43.0,,,,,,,
2019-07-16,37,PM2.5,Painesville,39-085-0007,AQS,37.0,2019-07-16,33.0,PM2.5,Carthage,39-061-0014,AQS,33.0
2019-07-17,43,PM2.5,Harvard Yards,39-035-0065,AQS,43.0,,,,,,,
2019-07-19,50,PM2.5,GT Craig NCore,39-035-0060,AQS,50.0,2019-07-19,64.0,PM2.5,Taft NCore,39-061-0040,AQS,64.0
2019-07-20,54,PM2.5,Harvard Yards,39-035-0065,AQS,54.0,2019-07-20,59.0,PM2.5,Ohio Bell,39-017-0015,AQS,59.0
2019-07-29,64,PM2.5,Harvard Yards,39-035-0065,AQS,64.0,2019-07-29,65.0,PM2.5,Yankee,39-017-0020,AQS,65.0
2019-08-02,51,PM2.5,GT Craig NCore,39-035-0060,AQS,51.0,,,,,,,
2019-08-03,56,PM2.5,GT Craig NCore,39-035-0060,AQS,56.0,,,,,,,
2019-08-06,48,PM2.5,GT Craig NCore,39-035-0060,AQS,48.0,,,,,,,
2019-08-10,52,PM2.5,Harvard Yards,39-035-0065,AQS,52.0,,,,,,,
2019-08-11,50,PM2.5,GT Craig NCore,39-035-0060,AQS,50.0,,,,,,,
2019-08-12,53,PM2.5,GT Craig NCore,39-035-0060,AQS,53.0,,,,,,,
2019-08-13,60,PM2.5,Harvard Yards,39-035-0065,AQS,60.0,,,,,,,
2019-08-15,51,PM2.5,GT Craig NCore,39-035-0060,AQS,51.0,,,,,,,
2019-08-16,54,PM2.5,Harvard Yards,39-035-0065,AQS,54.0,,,,,,,
2019-08-17,54,PM2.5,GT Craig NCore,39-035-0060,AQS,54.0,,,,,,,
2019-08-25,45,PM2.5,Harvard Yards,39-035-0065,AQS,45.0,2019-08-25,41.0,PM2.5,Yankee,39-017-0020,AQS,41.0
2019-08-27,28,PM2.5,GT Craig NCore,39-035-0060,AQS,28.0,2019-08-27,33.0,PM2.5,Cincinnati Near Road,39-061-0048,AQS,33.0
2019-09-01,44,PM2.5,GT Craig NCore,39-035-0060,AQS,44.0,2019-09-01,56.0,PM2.5,Cincinnati Near Road,39-061-0048,AQS,56.0
2019-09-03,51,PM2.5,Harvard Yards,39-035-0065,AQS,51.0,2019-09-03,56.0,PM2.5,Yankee,39-017-0020,AQS,56.0
2019-09-06,52,PM2.5,GT Craig NCore,39-035-0060,AQS,52.0,2019-09-06,54.0,PM2.5,Cincinnati Near Road,39-061-0048,AQS,54.0
2019-09-07,52,PM2.5,GT Craig NCore,39-035-0060,AQS,52.0,2019-09-07,37.0,PM2.5,Cincinnati Near Road,39-061-0048,AQS,37.0
2019-09-15,62,PM2.5,Harvard Yards,39-035-0065,AQS,62.0,2019-09-15,50.0,PM2.5,Yankee,39-017-0020,AQS,50.0
2019-09-22,59,PM2.5,GT Craig NCore,39-035-0060,AQS,59.0,2019-09-22,52.0,PM2.5,Cincinnati Near Road,39-061-0048,AQS,52.0
2019-09-27,51,PM2.5,Harvard Yards,39-035-0065,AQS,51.0,,,,,,,
2019-09-30,53,PM2.5,Harvard Yards,39-035-0065,AQS,53.0,,,,,,,
2019-10-01,53,PM2.5,Cleveland Near Road,39-035-0073,AQS,53.0,,,,,,,
2019-10-02,40,PM2.5,Cleveland Near Road,39-035-0073,AQS,40.0,,,,,,,
2019-10-03,43,PM2.5,GT Craig NCore,39-035-0060,AQS,43.0,,,,,,,
2019-10-06,45,PM2.5,Harvard Yards,39-035-0065,AQS,45.0,2019-10-06,63.0,PM2.5,Cincinnati Near Road,39-061-0048,AQS,63.0
2019-10-07,32,PM2.5,Cleveland Near Road,39-035-0073,AQS,32.0,2019-10-07,49.0,PM2.5,Cincinnati Near Road,39-061-0048,AQS,49.0
2019-10-08,50,PM2.5,GT Craig NCore,39-035-0060,AQS,50.0,2019-10-08,51.0,PM2.5,Cincinnati Near Road,39-061-0048,AQS,51.0
2019-10-09,54,PM2.5,Harvard Yards,39-035-0065,AQS,54.0,2019-10-09,47.0,PM2.5,Yankee,39-017-0020,AQS,47.0
2019-10-15,58,PM2.5,Harvard Yards,39-035-0065,AQS,58.0,2019-10-15,52.0,PM2.5,Cincinnati Near Road,39-061-0048,AQS,52.0
2019-10-20,51,PM2.5,Barr School,39-093-3002,AQS,51.0,,,,,,,
2019-10-21,50,PM2.5,GT Craig NCore,39-035-0060,AQS,50.0,,,,,,,
2019-10-23,39,PM2.5,GT Craig NCore,39-035-0060,AQS,39.0,,,,,,,
2019-10-24,49,PM2.5,Harvard Yards,39-035-0065,AQS,49.0,,,,,,,
2019-10-25,70,PM2.5,GT Craig NCore,39-035-0060,AQS,70.0,,,,,,,
2019-10-26,65,PM2.5,GT Craig NCore,39-035-0060,AQS,65.0,2019-10-26,52.0,PM2.5,Cincinnati Near Road,39-061-0048,AQS,52.0
2019-10-27,42,PM2.5,St Theodosius,39-035-0038,AQS,42.0,,,,,,,
2019-10-28,45,PM2.5,Cleveland Near Road,39-035-0073,AQS,45.0,2019-10-28,58.0,PM2.5,Cincinnati Near Road,39-061-0048,AQS,58.0
2019-10-29,52,PM2.5,Cleveland Near Road,39-035-0073,AQS,52.0,2019-10-29,60.0,PM2.5,Cincinnati Near Road,39-061-0048,AQS,60.0
2019-10-30,58,PM2.5,GT Craig NCore,39-035-0060,AQS,58.0,2019-10-30,61.0,PM2.5,Cincinnati Near Road,39-061-0048,AQS,61.0
2019-10-31,51,PM2.5,GT Craig NCore,39-035-0060,AQS,51.0,,,,,,,
2019-11-01,52,PM2.5,GT Craig NCore,39-035-0060,AQS,52.0,,,,,,,
2019-11-02,63,PM2.5,GT Craig NCore,39-035-0060,AQS,63.0,,,,,,,
2019-11-03,43,PM2.5,GT Craig NCore,39-035-0060,AQS,43.0,,,,,,,
2019-11-04,50,PM2.5,GT Craig NCore,39-035-0060,AQS,50.0,,,,,,,
2019-11-05,52,PM2.5,GT Craig NCore,39-035-0060,AQS,52.0,,,,,,,
2019-11-06,46,PM2.5,Cleveland Near Road,39-035-0073,AQS,46.0,2019-11-06,58.0,PM2.5,Cincinnati Near Road,39-061-0048,AQS,58.0
2019-11-07,36,PM2.5,Cleveland Near Road,39-035-0073,AQS,36.0,2019-11-07,43.0,PM2.5,Cincinnati Near Road,39-061-0048,AQS,43.0
2019-11-09,42,PM2.5,Chippewa,39-103-0004,AQS,42.0,2019-11-09,54.0,PM2.5,Cincinnati Near Road,39-061-0048,AQS,54.0
2019-11-10,56,PM2.5,Cleveland Near Road,39-035-0073,AQS,56.0,2019-11-10,47.0,PM2.5,Taft NCore,39-061-0040,AQS,47.0
2019-11-11,41,PM2.5,Chippewa,39-103-0004,AQS,41.0,2019-11-11,53.0,PM2.5,Cincinnati Near Road,39-061-0048,AQS,53.0
2019-11-13,30,PM2.5,Chippewa,39-103-0004,AQS,30.0,2019-11-13,55.0,PM2.5,Cincinnati Near Road,39-061-0048,AQS,55.0
2019-11-14,55,PM2.5,Cleveland Near Road,39-035-0073,AQS,55.0,2019-11-14,57.0,PM2.5,Cincinnati Near Road,39-061-0048,AQS,57.0
2019-11-15,79,PM2.5,Cleveland Near Road,39-035-0073,AQS,79.0,2019-11-15,78.0,PM2.5,Cincinnati Near Road,39-061-0048,AQS,78.0
2019-11-16,33,PM2.5,Chippewa,39-103-0004,AQS,33.0,2019-11-16,72.0,PM2.5,Carthage,39-061-0014,AQS,72.0
2019-11-17,55,PM2.5,Harvard Yards,39-035-0065,AQS,55.0,2019-11-17,69.0,PM2.5,Carthage,39-061-0014,AQS,69.0
2019-11-18,52,PM2.5,GT Craig NCore,39-035-0060,AQS,52.0,2019-11-18,91.0,PM2.5,Cincinnati Near Road,39-061-0048,AQS,91.0
2019-11-19,108,PM2.5,Cleveland Near Road,39-035-0073,AQS,108.0,2019-11-19,59.0,PM2.5,Cincinnati Near Road,39-061-0048,AQS,59.0
2019-11-20,67,PM2.5,Barr School,39-093-3002,AQS,67.0,2019-11-20,63.0,PM2.5,Yankee,39-017-0020,AQS,63.0
2019-11-21,58,PM2.5,GT Craig NCore,39-035-0060,AQS,58.0,2019-11-21,50.0,PM2.5,Carthage,39-061-0014,AQS,50.0
2019-11-22,26,PM2.5,Cleveland Near Road,39-035-0073,AQS,26.0,2019-11-22,34.0,PM2.5,Carthage,39-061-0014,AQS,34.0
2019-11-23,51,PM2.5,Cleveland Near Road,39-035-0073,AQS,51.0,2019-11-23,48.0,PM2.5,Yankee,39-017-0020,AQS,48.0
2019-11-24,60,PM2.5,Cleveland Near Road,39-035-0073,AQS,60.0,2019-11-24,49.0,PM2.5,Carthage,39-061-0014,AQS,49.0
2019-11-25,54,PM2.5,Cleveland Near Road,39-035-0073,AQS,54.0,2019-11-25,43.0,PM2.5,Cincinnati Near Road,39-061-0048,AQS,43.0
2019-11-26,60,PM2.5,Harvard Yards,39-035-0065,AQS,60.0,2019-11-26,57.0,PM2.5,BPG,39-017-0022,AQS,57.0
2019-11-27,43,PM2.5,Chippewa,39-103-0004,AQS,43.0,,,,,,,
2019-11-30,45,PM2.5,Cleveland Near Road,39-035-0073,AQS,45.0,2019-11-30,30.0,PM2.5,Carthage,39-061-0014,AQS,30.0
2019-12-02,30,PM2.5,Cleveland Near Road,39-035-0073,AQS,30.0,2019-12-02,29.0,PM2.5,Taft NCore,39-061-0040,AQS,29.0
2019-12-03,43,PM2.5,Cleveland Near Road,39-035-0073,AQS,43.0,2019-12-03,36.0,PM2.5,Carthage,39-061-0014,AQS,36.0
2019-12-04,59,PM2.5,Cleveland Near Road,39-035-0073,AQS,59.0,,,,,,,
2019-12-05,45,PM2.5,Harvard Yards,39-035-0065,AQS,45.0,2019-12-05,52.0,PM2.5,Cincinnati Near Road,39-061-0048,AQS,52.0
2019-12-06,38,PM2.5,Cleveland Near Road,39-035-0073,AQS,38.0,2019-12-06,57.0,PM2.5,Cincinnati Near Road,39-061-0048,AQS,57.0
2019-12-07,31,PM2.5,Cleveland Near Road,39-035-0073,AQS,31.0,2019-12-07,56.0,PM2.5,Carthage,39-061-0014,AQS,56.0
2019-12-08,60,PM2.5,Harvard Yards,39-035-0065,AQS,60.0,2019-12-08,54.0,PM2.5,Ohio Bell,39-017-0015,AQS,54.0
2019-12-09,29,PM2.5,Cleveland Near Road,39-035-0073,AQS,29.0,2019-12-09,41.0,PM2.5,Cincinnati Near Road,39-061-0048,AQS,41.0
2019-12-10,52,PM2.5,Cleveland Near Road,39-035-0073,AQS,52.0,2019-12-10,33.0,PM2.5,Sycamore,39-061-0006,AQS,33.0
2019-12-11,45,PM2.5,Cleveland Near Road,39-035-0073,AQS,45.0,2019-12-11,52.0,PM2.5,Cincinnati Near Road,39-061-0048,AQS,52.0
2019-12-12,62,PM2.5,Cleveland Near Road,39-035-0073,AQS,62.0,2019-12-12,57.0,PM2.5,Carthage,39-061-0014,AQS,57.0
2019-12-14,72,PM2.5,Barr School,39-093-3002,AQS,72.0,2019-12-14,54.0,PM2.5,Yankee,39-017-0020,AQS,54.0
2019-12-15,56,PM2.5,Cleveland Near Road,39-035-0073,AQS,56.0,2019-12-15,60.0,PM2.5,Carthage,39-061-0014,AQS,60.0
2019-12-16,74,PM2.5,Cleveland Near Road,39-035-0073,AQS,74.0,2019-12-16,60.0,PM2.5,Cincinnati Near Road,39-061-0048,AQS,60.0
2019-12-17,57,PM2.5,Cleveland Near Road,39-035-0073,AQS,57.0,2019-12-17,57.0,PM2.5,Yankee,39-017-0020,AQS,57.0
2019-12-18,51,PM2.5,Cleveland Near Road,39-035-0073,AQS,51.0,2019-12-18,58.0,PM2.5,Carthage,39-061-0014,AQS,58.0
2019-12-19,43,PM2.5,Cleveland Near Road,39-035-0073,AQS,43.0,2019-12-19,60.0,PM2.5,Carthage,39-061-0014,AQS,60.0
2019-12-20,79,PM2.5,St Theodosius,39-035-0038,AQS,79.0,2019-12-20,83.0,PM2.5,BPG,39-017-0022,AQS,83.0
2019-12-21,77,PM2.5,Cleveland Near Road,39-035-0073,AQS,77.0,2019-12-21,78.0,PM2.5,Carthage,39-061-0014,AQS,78.0
2019-12-22,66,PM2.5,Cleveland Near Road,39-035-0073,AQS,66.0,2019-12-22,78.0,PM2.5,Carthage,39-061-0014,AQS,78.0
2019-12-23,59,PM2.5,Harvard Yards,39-035-0065,AQS,59.0,2019-12-23,86.0,PM2.5,BPG,39-017-0022,AQS,86.0
2019-12-24,87,PM2.5,GT Craig NCore,39-035-0060,AQS,87.0,2019-12-24,80.0,PM2.5,Carthage,39-061-0014,AQS,80.0
2019-12-25,57,PM2.5,Cleveland Near Road,39-035-0073,AQS,57.0,2019-12-25,80.0,PM2.5,Carthage,39-061-0014,AQS,80.0
2019-12-26,55,PM2.5,St Theodosius,39-035-0038,AQS,55.0,2019-12-26,44.0,PM2.5,Cincinnati Near Road,39-061-0048,AQS,44.0
2019-12-27,62,PM2.5,Cleveland Near Road,39-035-0073,AQS,62.0,2019-12-27,63.0,PM2.5,Taft NCore,39-061-0040,AQS,63.0
2019-12-28,78,PM2.5,Chippewa,39-103-0004,AQS,78.0,2019-12-28,68.0,PM2.5,Cincinnati Near Road,39-061-0048,AQS,68.0
2019-12-29,65,PM2.5,St Theodosius,39-035-0038,AQS,65.0,,,,,,,
2019-12-31,27,PM2.5,Cleveland Near Road,39-035-0073,AQS,27.0,,,,,,,
